Workbook

Sheet ASP-301-1
A1: PS AS
E4: Modul 1
C6: Spannungsversorgung
E12: Modul 13
C14: Spannungsversorgung
E20: Modul 2 | J20: IP:
C21: RAV-205 | J21: Version:
C22: AutomationServer
C23: 10.241.32.115 | J23: User: admin
C24: 255.255.252.0 | J24: Passwort: Admin123!
F27: ='ASP-301-1_DP'!C1 -> M3 RTD-DI-16 | M27: =F27 -> M3 RTD-DI-16
B28: 01 | C28: ='ASP-301-1_DP'!D2 -> RAV205 - Istwert Schaltschrank | I28: 09 | J28: ='ASP-301-1_DP'!D10 -> D.-212 - Istwert Ausblastemperatur
B29: 02 | C29: ='ASP-301-1_DP'!D3 -> D.-207 - Istwert Ausblastemperatur | I29: 10 | J29: ='ASP-301-1_DP'!D11 -> D.-218 - Istwert Ausblastemperatur
B30: 03 | C30: ='ASP-301-1_DP'!D4 -> D.-207 - Istwert Ausblastemperatur | I30: 11 | J30: ='ASP-301-1_DP'!D12 -> D.-213 - Istwert Ausblastemperatur
B31: 04 | C31: ='ASP-301-1_DP'!D5 -> D.-207 - Istwert Ausblastemperatur | I31: 12 | J31: ='ASP-301-1_DP'!D13 -> D.-217 - Istwert Ausblastemperatur
B32: 05 | C32: ='ASP-301-1_DP'!D6 -> D.-207 - Istwert Ausblastemperatur | I32: 13 | J32: ='ASP-301-1_DP'!D14 -> D.-220 - Istwert Ausblastemperatur
B33: 06 | C33: ='ASP-301-1_DP'!D7 -> D.-210 - Istwert Ausblastemperatur | I33: 14 | J33: ='ASP-301-1_DP'!D15 -> D.-221 - Istwert Ausblastemperatur
B34: 07 | C34: ='ASP-301-1_DP'!D8 -> D.-211 - Istwert Ausblastemperatur | I34: 15 | J34: ='ASP-301-1_DP'!D16 -> D.-227 - Istwert Ausblastemperatur
B35: 08 | C35: ='ASP-301-1_DP'!D9 -> D.-211 - Istwert Ausblastemperatur | I35: 16 | J35: ='ASP-301-1_DP'!D17 -> D.-261 - Istwert Ausblastemperatur
F38: ='ASP-301-1_DP'!C18 -> M4 RTD-DI-16 | M38: =F38 -> M4 RTD-DI-16
B39: 01 | C39: ='ASP-301-1_DP'!D19 -> 0 | I39: 09 | J39: ='ASP-301-1_DP'!D27 -> 0
B40: 02 | C40: ='ASP-301-1_DP'!D20 -> D.-275 - Istwert Ausblastemperatur | I40: 10 | J40: ='ASP-301-1_DP'!D28 -> 0
B41: 03 | C41: ='ASP-301-1_DP'!D21 -> D.-288 - Istwert Ausblastemperatur | I41: 11 | J41: ='ASP-301-1_DP'!D29 -> 0
B42: 04 | C42: ='ASP-301-1_DP'!D22 -> 0 | I42: 12 | J42: ='ASP-301-1_DP'!D30 -> 0
B43: 05 | C43: ='ASP-301-1_DP'!D23 -> 0 | I43: 13 | J43: ='ASP-301-1_DP'!D31 -> 0
B44: 06 | C44: ='ASP-301-1_DP'!D24 -> 0 | I44: 14 | J44: ='ASP-301-1_DP'!D32 -> 0
B45: 07 | C45: ='ASP-301-1_DP'!D25 -> 0 | I45: 15 | J45: ='ASP-301-1_DP'!D33 -> 0
B46: 08 | C46: ='ASP-301-1_DP'!D26 -> 0 | I46: 16 | J46: ='ASP-301-1_DP'!D34 -> 0
F49: ='ASP-301-1_DP'!C35 -> M5 UI-16 | M49: =F49 -> M5 UI-16
B50: 01 | C50: ='ASP-301-1_DP'!D36 -> D.-211 - Istwert FCU Heizventil | I50: 09 | J50: ='ASP-301-1_DP'!D44 -> D.-275 - Istwert FCU Heizventil
B51: 02 | C51: ='ASP-301-1_DP'!D37 -> D.-211 - Istwert FCU Heizventil | I51: 10 | J51: ='ASP-301-1_DP'!D45 -> D.-288 - Istwert FCU Heizventil
B52: 03 | C52: ='ASP-301-1_DP'!D38 -> D.-212 - Istwert FCU Heizventil | I52: 11 | J52: ='ASP-301-1_DP'!D46 -> D.-210 - Istwert FCU Kälteventil
B53: 04 | C53: ='ASP-301-1_DP'!D39 -> D.-218 - Istwert FCU Heizventil | I53: 12 | J53: ='ASP-301-1_DP'!D47 -> D.-212 - Istwert FCU Kälteventil
B54: 05 | C54: ='ASP-301-1_DP'!D40 -> 0 | I54: 13 | J54: ='ASP-301-1_DP'!D48 -> D.-218 - Istwert FCU Kälteventil
B55: 06 | C55: ='ASP-301-1_DP'!D41 -> D.-220 - Istwert FCU Heizventil | I55: 14 | J55: ='ASP-301-1_DP'!D49 -> D.-213 - Istwert FCU Kälteventil
B56: 07 | C56: ='ASP-301-1_DP'!D42 -> D.-221 - Istwert FCU Heizventil | I56: 15 | J56: ='ASP-301-1_DP'!D50 -> D.-220 - Istwert FCU Kälteventil
B57: 08 | C57: ='ASP-301-1_DP'!D43 -> D.-227 - Istwert FCU Heizventil | I57: 16 | J57: ='ASP-301-1_DP'!D51 -> D.-221 - Istwert FCU Kälteventil
F60: ='ASP-301-1_DP'!C52 -> M6 UI-16 | M60: =F60 -> M6 UI-16
B61: 01 | C61: ='ASP-301-1_DP'!D53 -> D.-227 - Istwert FCU Kälteventil | I61: 09 | J61: ='ASP-301-1_DP'!D61 -> D.-207 - Istwert HZG/KLG Ventil
B62: 02 | C62: ='ASP-301-1_DP'!D54 -> D.-261 - Istwert FCU Kälteventil | I62: 10 | J62: ='ASP-301-1_DP'!D62 -> D.-217 - Istwert FCU Ventil
B63: 03 | C63: ='ASP-301-1_DP'!D55 -> D.-261 - Istwert FCU Kälteventil | I63: 11 | J63: ='ASP-301-1_DP'!D63 -> D.-227 - Istwert VOC
B64: 04 | C64: ='ASP-301-1_DP'!D56 -> D.-275 - Istwert FCU Kälteventil | I64: 12 | J64: ='ASP-301-1_DP'!D64 -> D.-272 - Istwert VOC
B65: 05 | C65: ='ASP-301-1_DP'!D57 -> D.-288 - Istwert FCU Kälteventil | I65: 13 | J65: ='ASP-301-1_DP'!D65 -> D.-275 - Istwert VOC
B66: 06 | C66: ='ASP-301-1_DP'!D58 -> D.-207 - Istwert HZG/KLG Ventil | I66: 14 | J66: ='ASP-301-1_DP'!D66 -> D.-288 - Istwert VOC
B67: 07 | C67: ='ASP-301-1_DP'!D59 -> D.-207 - Istwert HZG/KLG Ventil | I67: 15 | J67: ='ASP-301-1_DP'!D67 -> D.-275 - Störung Kondensatpumpe
B68: 08 | C68: ='ASP-301-1_DP'!D60 -> D.-207 - Istwert HZG/KLG Ventil | I68: 16 | J68: ='ASP-301-1_DP'!D68 -> D.-288 - Störung Kondensatpumpe
F71: ='ASP-301-1_DP'!C69 -> M7 UI-16 | M71: =F71 -> M7 UI-16
B72: 01 | C72: ='ASP-301-1_DP'!D70 -> D.-207 - Istwert ZUL VVR | I72: 09 | J72: ='ASP-301-1_DP'!D78 -> D.-274 - Istwert ZUL VVR
B73: 02 | C73: ='ASP-301-1_DP'!D71 -> D.-207 - Istwert ZUL VVR | I73: 10 | J73: ='ASP-301-1_DP'!D79 -> D.-272 - Istwert ZUL VVR
B74: 03 | C74: ='ASP-301-1_DP'!D72 -> D.-209 - Istwert ZUL VVR | I74: 11 | J74: ='ASP-301-1_DP'!D80 -> D.-275 - Istwert ZUL VVR
B75: 04 | C75: ='ASP-301-1_DP'!D73 -> D.-213 - Istwert ZUL VVR | I75: 12 | J75: ='ASP-301-1_DP'!D81 -> D.-288 - Istwert ZUL VVR
B76: 05 | C76: ='ASP-301-1_DP'!D74 -> D.-217 - Istwert ZUL VVR | I76: 13 | J76: ='ASP-301-1_DP'!D82 -> D.-205 - Istwert Abluftfeuchte
B77: 06 | C77: ='ASP-301-1_DP'!D75 -> D.-221 - Istwert ZUL VVR | I77: 14 | J77: ='ASP-301-1_DP'!D83 -> D.-285 - Istwert Abluftfeuchte
B78: 07 | C78: ='ASP-301-1_DP'!D76 -> D.-233 - Istwert ZUL VVR | I78: 15 | J78: ='ASP-301-1_DP'!D84 -> D.-205 - Istwert Ablufttemperatur
B79: 08 | C79: ='ASP-301-1_DP'!D77 -> D.-227 - Istwert ZUL VVR | I79: 16 | J79: ='ASP-301-1_DP'!D85 -> D.-285 - Istwert Ablufttemperatur
F82: ='ASP-301-1_DP'!C86 -> M8 UI-16 | M82: =F82 -> M8 UI-16
B83: 01 | C83: ='ASP-301-1_DP'!D87 -> D.-207 - Istwert ABL VVR | I83: 09 | J83: ='ASP-301-1_DP'!D95 -> D.-205 - Istwert ABL VVR
B84: 02 | C84: ='ASP-301-1_DP'!D88 -> D.-207 - Istwert ABL VVR | I84: 10 | J84: ='ASP-301-1_DP'!D96 -> D.-272 - Istwert ABL VVR
B85: 03 | C85: ='ASP-301-1_DP'!D89 -> D.-209 - Istwert ABL VVR | I85: 11 | J85: ='ASP-301-1_DP'!D97 -> D.-285 - Istwert ABL VVR
B86: 04 | C86: ='ASP-301-1_DP'!D90 -> D.-213 - Istwert ABL VVR | I86: 12 | J86: ='ASP-301-1_DP'!D98 -> D.-275 - Istwert ABL VVR
B87: 05 | C87: ='ASP-301-1_DP'!D91 -> D.-217 - Istwert ABL VVR | I87: 13 | J87: ='ASP-301-1_DP'!D99 -> D.-288 - Istwert ABL VVR
B88: 06 | C88: ='ASP-301-1_DP'!D92 -> D.-221 - Istwert ABL VVR | I88: 14 | J88: ='ASP-301-1_DP'!D100 -> D.-207 - Istwert 6-Wege Ventil
B89: 07 | C89: ='ASP-301-1_DP'!D93 -> D.-227 - Istwert ABL VVR | I89: 15 | J89: ='ASP-301-1_DP'!D101 -> 0
B90: 08 | C90: ='ASP-301-1_DP'!D94 -> D.-233 - Istwert ABL VVR | I90: 16 | J90: ='ASP-301-1_DP'!D102 -> 0
F93: ='ASP-301-1_DP'!C103 -> M9 AO-V-8 | M93: =F93 -> M9 AO-V-8
B94: 01 | C94: ='ASP-301-1_DP'!D104 -> D.-207 - Signal FCU | I94: 05 | J94: ='ASP-301-1_DP'!D108 -> D.-209 - Signal ZUL VVR
B95: 02 | C95: ='ASP-301-1_DP'!D105 -> D.-207 - Signal FCU | I95: 06 | J95: ='ASP-301-1_DP'!D109 -> D.-209 - Signal ABL VVR
B96: 03 | C96: ='ASP-301-1_DP'!D106 -> D.-207 - Signal FCU | I96: 07 | J96: ='ASP-301-1_DP'!D110 -> D.-207 - Signal HZG/KLG Ventil
B97: 04 | C97: ='ASP-301-1_DP'!D107 -> D.-207 - Signal FCU | I97: 08 | J97: ='ASP-301-1_DP'!D111 -> D.-207 - Signal 6-Wege Ventil
F100: ='ASP-301-1_DP'!C112 -> M10 AO-V-8 | M100: =F100 -> M10 AO-V-8
B101: 01 | C101: ='ASP-301-1_DP'!D113 -> D.-207 - Signal HZG/KLG Ventil | I101: 05 | J101: ='ASP-301-1_DP'!D117 -> D.-207 - Signal ABL VVR
B102: 02 | C102: ='ASP-301-1_DP'!D114 -> D.-207 - Signal HZG/KLG Ventil | I102: 06 | J102: ='ASP-301-1_DP'!D118 -> D.-207 - Signal ZUL VVR
B103: 03 | C103: ='ASP-301-1_DP'!D115 -> D.-207 - Signal HZG/KLG Ventil | I103: 07 | J103: ='ASP-301-1_DP'!D119 -> D.-207 - Signal ABL VVR
B104: 04 | C104: ='ASP-301-1_DP'!D116 -> D.-207 - Signal ZUL VVR | I104: 08 | J104: ='ASP-301-1_DP'!D120 -> Spannungsausgang_8 -
F107: ='ASP-301-1_DP'!C121 -> M11 AO-V-8 | M107: =F107 -> M11 AO-V-8
B108: 01 | C108: ='ASP-301-1_DP'!D122 -> D.-210 - Signal FCU | I108: 05 | J108: ='ASP-301-1_DP'!D126 -> D.-218 - Signal FCU
B109: 02 | C109: ='ASP-301-1_DP'!D123 -> D.-211 - Signal FCU | I109: 06 | J109: ='ASP-301-1_DP'!D127 -> D.-218 - Istwert FCU Heizventil
B110: 03 | C110: ='ASP-301-1_DP'!D124 -> D.-211 - Signal FCU | I110: 07 | J110: ='ASP-301-1_DP'!D128 -> D.-210 - Signal FCU Kälteventil
B111: 04 | C111: ='ASP-301-1_DP'!D125 -> D.-212 - Signal FCU | I111: 08 | J111: ='ASP-301-1_DP'!D129 -> D.-211 - Signal FCU Heizventil
F114: ='ASP-301-1_DP'!C130 -> M12 AO-V-8 | M114: =F114 -> M12 AO-V-8
B115: 01 | C115: ='ASP-301-1_DP'!D131 -> D.-211 - Signal FCU Heizventil | I115: 05 | J115: ='ASP-301-1_DP'!D135 -> 0
B116: 02 | C116: ='ASP-301-1_DP'!D132 -> D.-212 - Signal FCU Kälteventil | I116: 06 | J116: ='ASP-301-1_DP'!D136 -> D.-288 - Signal FCU Kälteventil
B117: 03 | C117: ='ASP-301-1_DP'!D133 -> D.-212 - Signal FCU Heizventil | I117: 07 | J117: ='ASP-301-1_DP'!D137 -> D.-288 - Signal FCU Heizventil
B118: 04 | C118: ='ASP-301-1_DP'!D134 -> D.-218 - Signal FCU Kälteventil | I118: 08 | J118: ='ASP-301-1_DP'!D138 -> D.-285 - Signal ABL VVR
F121: ='ASP-301-1_DP'!C139 -> M14 AO-V-8 | M121: =F121 -> M14 AO-V-8
B122: 01 | C122: ='ASP-301-1_DP'!D140 -> D.-213 - Signal FCU | I122: 05 | J122: ='ASP-301-1_DP'!D144 -> D.-217 - Signal ZUL VVR
B123: 02 | C123: ='ASP-301-1_DP'!D141 -> D.-213 - Signal ZUL VVR | I123: 06 | J123: ='ASP-301-1_DP'!D145 -> D.-217 - Signal ABL VVR
B124: 03 | C124: ='ASP-301-1_DP'!D142 -> D.-213 - Signal ABL VVR | I124: 07 | J124: ='ASP-301-1_DP'!D146 -> D.-213 - Signal FCU Kälteventil
B125: 04 | C125: ='ASP-301-1_DP'!D143 -> D.-217 - Signal FCU | I125: 08 | J125: ='ASP-301-1_DP'!D147 -> D.-217 - Signal FCU Ventil
F128: ='ASP-301-1_DP'!C148 -> M15 AO-V-8 | M128: =F128 -> M15 AO-V-8
B129: 01 | C129: ='ASP-301-1_DP'!D149 -> D.-220 - Signal FCU | I129: 05 | J129: ='ASP-301-1_DP'!D153 -> D.-220 - Signal FCU Kälteventil
B130: 02 | C130: ='ASP-301-1_DP'!D150 -> D.-221 - Signal FCU | I130: 06 | J130: ='ASP-301-1_DP'!D154 -> D.-220 - Signal FCU Heizventil
B131: 03 | C131: ='ASP-301-1_DP'!D151 -> D.-221 - Signal ZUL VVR | I131: 07 | J131: ='ASP-301-1_DP'!D155 -> D.-221 - Signal FCU Kälteventil
B132: 04 | C132: ='ASP-301-1_DP'!D152 -> D.-221 - Signal ABL VVR | I132: 08 | J132: ='ASP-301-1_DP'!D156 -> D.-221 - Signal FCU Heizventil
F135: ='ASP-301-1_DP'!C157 -> M16 AO-V-8 | M135: =F135 -> M16 AO-V-8
B136: 01 | C136: ='ASP-301-1_DP'!D158 -> D.-227 - Signal FCU | I136: 05 | J136: ='ASP-301-1_DP'!D162 -> D.-2333 - Signal ABL VVR
B137: 02 | C137: ='ASP-301-1_DP'!D159 -> D.-227 - Signal ZUL VVR | I137: 06 | J137: ='ASP-301-1_DP'!D163 -> D.-227 - Signal FCU Kälteventil
B138: 03 | C138: ='ASP-301-1_DP'!D160 -> D.-227 - Signal ABL VVR | I138: 07 | J138: ='ASP-301-1_DP'!D164 -> D.-227 - Signal FCU Heizventil
B139: 04 | C139: ='ASP-301-1_DP'!D161 -> D.-233 - Signal ZUL VVR | I139: 08 | J139: ='ASP-301-1_DP'!D165 -> Spannungsausgang_3 -
F142: ='ASP-301-1_DP'!C166 -> M17 AO-V-8 | M142: =F142 -> M17 AO-V-8
...

Sheet ASP-301-1_DP
B1: RTD-DI-16 | C1: M3 RTD-DI-16 | D1: RTD-DI-16 | E1: 3 | AI1: Keine
B2: 2-Kabel RTD Temperatureingang | C2: RAV-205.RAV205.TRU001_MW | D2: RAV205 - Istwert Schaltschrank | F2: In1 | G2: Modicon 1 - M172 - AI1 | S2: 0,00 Δ°C | T2: Pt1000 | V2: 0,00 ohm | W2: TRUE | X2: 0,00 Δ°C | Y2: 25,51 °C | AG2: F2-104 | AI2: Keine
B3: 2-Kabel RTD Temperatureingang | C3: RAV-205.RAUD07.TZU001_MW | D3: D.-207 - Istwert Ausblastemperatur | F3: In2 | G3: Modicon 1 - M172 - AI2 | S3: 0,00 Δ°C | T3: Pt1000 | V3: 0,00 ohm | W3: TRUE | X3: 0,00 Δ°C | Y3: 29,92 °C | AG3: F2-107 | AI3: Keine
B4: 2-Kabel RTD Temperatureingang | C4: RAV-205.RAUD07.TZU002_MW | D4: D.-207 - Istwert Ausblastemperatur | F4: In3 | G4: Modicon 1 - M172 - AI3 | S4: 0,00 Δ°C | T4: Pt1000 | V4: 0,00 ohm | W4: TRUE | X4: 0,00 Δ°C | Y4: 26,46 °C | AG4: F2-110 | AI4: Keine
B5: 2-Kabel RTD Temperatureingang | C5: RAV-205.RAUD07.TZU003_MW | D5: D.-207 - Istwert Ausblastemperatur | F5: In4 | G5: Modicon 1 - M172 - AI4 | S5: 0,00 Δ°C | T5: Pt1000 | V5: 0,00 ohm | W5: TRUE | X5: 0,00 Δ°C | Y5: 27,21 °C | AG5: F2-113 | AI5: Keine
B6: 2-Kabel RTD Temperatureingang | C6: RAV-205.RAUD07.TZU004_MW | D6: D.-207 - Istwert Ausblastemperatur | F6: In5 | G6: Modicon 1 - M172 - AI5 | S6: 0,00 Δ°C | T6: Pt1000 | V6: 0,00 ohm | W6: TRUE | X6: 0,00 Δ°C | Y6: 27,95 °C | AG6: F2-116 | AI6: Keine
B7: 2-Kabel RTD Temperatureingang | C7: RAV-205.RAUD10.TZU001_MW | D7: D.-210 - Istwert Ausblastemperatur | F7: In6 | G7: Modicon 2 - M172 - AI1 | S7: 0,00 Δ°C | T7: Pt1000 | V7: 0,00 ohm | W7: TRUE | X7: 0,00 Δ°C | Y7: 17,90 °C | AG7: F2-123 | AI7: Keine
B8: 2-Kabel RTD Temperatureingang | C8: RAV-205.RAUD11.TZU001_MW | D8: D.-211 - Istwert Ausblastemperatur | F8: In7 | G8: Modicon 2 - M172 - AI2 | S8: 0,00 Δ°C | T8: Pt1000 | V8: 0,00 ohm | W8: TRUE | X8: 0,00 Δ°C | Y8: 27,54 °C | AG8: F2-127 | AI8: Keine
B9: 2-Kabel RTD Temperatureingang | C9: RAV-205.RAUD11.TZU002_MW | D9: D.-211 - Istwert Ausblastemperatur | F9: In8 | G9: Modicon 2 - M172 - AI3 | S9: 0,00 Δ°C | T9: Pt1000 | V9: 0,00 ohm | W9: TRUE | X9: 0,00 Δ°C | Y9: 150,00 °C | AG9: F2-129 | AI9: Keine
B10: 2-Kabel RTD Temperatureingang | C10: RAV-205.RAUD12.TZU001_MW | D10: D.-212 - Istwert Ausblastemperatur | F10: In9 | G10: Modicon 2 - M172 - AI4 | S10: 0,00 Δ°C | T10: Pt1000 | V10: 0,00 ohm | W10: TRUE | X10: 0,00 Δ°C | Y10: 30,33 °C | AG10: F2-132 | AI10: Keine
B11: 2-Kabel RTD Temperatureingang | C11: RAV-205.RAUD18.TZU001_MW | D11: D.-218 - Istwert Ausblastemperatur | F11: In10 | G11: Modicon 2 - M172 - AI5 | S11: 0,00 Δ°C | T11: Pt1000 | V11: 0,00 ohm | W11: TRUE | X11: 0,00 Δ°C | Y11: 30,00 °C | AG11: F2-151 | AI11: Keine
B12: 2-Kabel RTD Temperatureingang | C12: RAV-205.RAUD13.TZU001_MW | D12: D.-213 - Istwert Ausblastemperatur | F12: In11 | G12: Modicon 3 - M172 - AI1 | S12: 0,00 Δ°C | T12: Pt1000 | V12: 0,00 ohm | W12: TRUE | X12: 0,00 Δ°C | Y12: 29,92 °C | AG12: F2-137 | AI12: Keine
B13: 2-Kabel RTD Temperatureingang | C13: RAV-205.RAUD17.TZU001_MW | D13: D.-217 - Istwert Ausblastemperatur | F13: In12 | G13: Modicon 3 - M172 - AI2 | S13: 0,00 Δ°C | T13: Pt1000 | V13: 0,00 ohm | W13: TRUE | X13: 0,00 Δ°C | Y13: 30,18 °C | AG13: F2-146 | AI13: Keine
... B17: 2-Kabel RTD Temperatureingang | C17: RAV-205.RAUD61.TZU001_MW | D17: D.-261 - Istwert Ausblastemperatur | F17: In16 | G17: Modicon 6 - M172 - AI1 | S17: 0,00 Δ°C | T17: Pt1000 | V17: 0,00 ohm | W17: TRUE | X17: 0,00 Δ°C | Y17: 19,28 °C | AG17: F3-190 | AI17: Keine
B18: RTD-DI-16 | C18: M4 RTD-DI-16 | D18: RTD-DI-16 | E18: 4 | AI18: Keine
B19: Leerer Eingang | C19: M4 RTD-DI-16_LeerInput_1? | F19: In1 | K19: FALSE | V19: 0 ohm | Y19: 0,00 °C
B20: 2-Kabel RTD Temperatureingang | C20: RAV-205.RAUD75.TZU001_MW | D20: D.-275 - Istwert Ausblastemperatur | F20: In2 | G20: Modicon 7 - M172 - AI1 | S20: 0,00 Δ°C | T20: Pt1000 | V20: 0,00 ohm | W20: TRUE | X20: 0,00 Δ°C | Y20: 16,67 °C | AG20: F3-207 | AI20: Keine
B21: 2-Kabel RTD Temperatureingang | C21: RAV-205.RAUD88.TZU001_MW | D21: D.-288 - Istwert Ausblastemperatur | F21: In3 | G21: Modicon 7 - M172 - AI2 | S21: 0,00 Δ°C | T21: Pt1000 | V21: 0,00 ohm | W21: TRUE | X21: 0,00 Δ°C | Y21: 29,95 °C | AG21: F3-214 | AI21: Keine
B22: Leerer Eingang | C22: M4 RTD-DI-16_LeerInput_4? | F22: In4 | K22: FALSE | V22: 0 ohm | Y22: 0,00 °C
B23: Leerer Eingang | C23: M4 RTD-DI-16_LeerInput_5? | F23: In5 | K23: FALSE | V23: 0 ohm | Y23: 0,00 °C
B24: Leerer Eingang | C24: M4 RTD-DI-16_LeerInput_6? | F24: In6 | K24: FALSE | V24: 0 ohm | Y24: 0,00 °C
B25: Leerer Eingang | C25: M4 RTD-DI-16_LeerInput_7? | F25: In7 | K25: FALSE | V25: 0 ohm | Y25: 0,00 °C
B26: Leerer Eingang | C26: M4 RTD-DI-16_LeerInput_8? | F26: In8 | K26: FALSE | V26: 0 ohm | Y26: 0,00 °C
B27: Leerer Eingang | C27: M4 RTD-DI-16_LeerInput_9? | F27: In9 | K27: FALSE | V27: 0 ohm | Y27: 0,00 °C
B28: Leerer Eingang | C28: M4 RTD-DI-16_LeerInput_10? | F28: In10 | K28: FALSE | V28: 0 ohm | Y28: 0,00 °C
B29: Leerer Eingang | C29: M4 RTD-DI-16_LeerInput_11? | F29: In11 | K29: FALSE | V29: 0 ohm | Y29: 0,00 °C
B30: Leerer Eingang | C30: M4 RTD-DI-16_LeerInput_12? | F30: In12 | K30: FALSE | V30: 0 ohm | Y30: 0,00 °C
B31: Leerer Eingang | C31: M4 RTD-DI-16_LeerInput_13? | F31: In13 | K31: FALSE | V31: 0 ohm | Y31: 0,00 °C
B32: Leerer Eingang | C32: M4 RTD-DI-16_LeerInput_14? | F32: In14 | K32: FALSE | V32: 0 ohm | Y32: 0,00 °C
B33: Leerer Eingang | C33: M4 RTD-DI-16_LeerInput_15? | F33: In15 | K33: FALSE | V33: 0 ohm | Y33: 0,00 °C
B34: Leerer Eingang | C34: M4 RTD-DI-16_LeerInput_16? | F34: In16 | K34: FALSE | V34: 0 ohm | Y34: 0,00 °C
B35: UI-16 | C35: M5 UI-16 | D35: UI-16 | E35: 5 | AI35: Keine
B36: Spannungseingang | C36: RAV-205.RAUD11.VENh01_MW | D36: D.-211 - Istwert FCU Heizventil | F36: In1 | G36: Modicon 2 - EAP1 - UI1 | M36: 2,00 V | N36: 10,00 V | O36: 0 | P36: 1 | S36: 0 | W36: TRUE | X36: 0 | Y36: -0.2469 | AG36: F2-128 | AI36: Keine
B37: Spannungseingang | C37: RAV-205.RAUD11.VENh02_MW | D37: D.-211 - Istwert FCU Heizventil | F37: In2 | G37: Modicon 2 - EAP1 - UI2 | M37: 2,00 V | N37: 10,00 V | O37: 0 | P37: 1 | S37: 0 | W37: TRUE | X37: 0 | Y37: -0.2476 | AG37: F2-130 | AI37: Keine
B38: Spannungseingang | C38: RAV-205.RAUD12.VENh01_MW | D38: D.-212 - Istwert FCU Heizventil | F38: In3 | G38: Modicon 2 - EAP1 - UI4 | M38: 2,00 V | N38: 10,00 V | O38: 0 | P38: 1 | S38: 0 | W38: TRUE | X38: 0 | Y38: 0.0075 | AG38: F2-134 | AI38: Keine
B39: Spannungseingang | C39: RAV-205.RAUD18.VENh01_MW | D39: D.-218 - Istwert FCU Heizventil | F39: In4 | G39: Modicon 2 - M172 - AI7 | M39: 2,00 V | N39: 10,00 V | O39: 0 | P39: 1 | S39: 0 | W39: TRUE | X39: 0 | Y39: 0.342 | AG39: F2-153 | AI39: Keine
B40: Leerer Eingang | C40: M5 UI-16_LeerInput_5? | F40: In5 | K40: FALSE | V40: 0 ohm | Y40: 0,00 °C
B41: Spannungseingang | C41: RAV-205.RAUD20.VENh01_MW | D41: D.-220 - Istwert FCU Heizventil | F41: In6 | G41: Modicon 4 - EAP1 - UI1 | M41: 2,00 V | N41: 10,00 V | O41: 0 | P41: 1 | S41: 0 | W41: TRUE | X41: 0 | Y41: 0.006 | AG41: F2-157 | AI41: Keine
B42: Spannungseingang | C42: RAV-205.RAUD21.VENh01_MW | D42: D.-221 - Istwert FCU Heizventil | F42: In7 | G42: Modicon 4 - EAP1 - UI3 | M42: 2,00 V | N42: 10,00 V | O42: 0 | P42: 1 | S42: 0 | W42: TRUE | X42: 0 | Y42: 0.0045 | AG42: F2-162 | AI42: Keine
B43: Spannungseingang | C43: RAV-205.RAUD27.VENh01_MW | D43: D.-227 - Istwert FCU Heizventil | F43: In8 | G43: Modicon 5 - EAP1 - UI1 | M43: 2,00 V | N43: 10,00 V | O43: 0 | P43: 1 | S43: 0 | W43: TRUE | X43: 0 | Y43: 0.0049 | AG43: F3-174 | AI43: Keine
B44: Spannungseingang | C44: RAV-205.RAUD75.VENh01_MW | D44: D.-275 - Istwert FCU Heizventil | F44: In9 | G44: Modicon 7 - EAP1 - UI1 | M44: 2,00 V | N44: 10,00 V | O44: 0 | P44: 1 | S44: 0 | W44: TRUE | X44: 0 | Y44: 0.363 | AG44: F3-209 | AI44: Keine
B45: Spannungseingang | C45: RAV-205.RAUD88.VENh01_MW | D45: D.-288 - Istwert FCU Heizventil | F45: In10 | G45: Modicon 7 - EAP1 - UI3 | M45: 2,00 V | N45: 10,00 V | O45: 0 | P45: 1 | S45: 0 | W45: TRUE | X45: 0 | Y45: 0.4191 | AG45: F3-216 | AI45: Keine
B46: Spannungseingang | C46: RAV-205.RAUD10.VENk01_MW | D46: D.-210 - Istwert FCU Kälteventil | F46: In11 | G46: Modicon 2 - EAP1 - UI0 | M46: 2,00 V | N46: 10,00 V | O46: 0 | P46: 1 | S46: 0 | W46: TRUE | X46: 0 | Y46: 0.998 | AG46: F2-124 | AI46: Keine
B47: Spannungseingang | C47: RAV-205.RAUD12.VENk01_MW | D47: D.-212 - Istwert FCU Kälteventil | F47: In12 | G47: Modicon 2 - EAP1 - UI3 | M47: 2,00 V | N47: 10,00 V | O47: 0 | P47: 1 | S47: 0 | W47: TRUE | X47: 0 | Y47: 0.0086 | AG47: F2-133 | AI47: Keine
B48: Spannungseingang | C48: RAV-205.RAUD18.VENk01_MW | D48: D.-218 - Istwert FCU Kälteventil | F48: In13 | G48: Modicon 2 - EAP1 - UI5 | M48: 2,00 V | N48: 10,00 V | O48: 0 | P48: 1 | S48: 0 | W48: TRUE | X48: 0 | Y48: 0.0079 | AG48: F2-152 | AI48: Keine
B49: Spannungseingang | C49: RAV-205.RAUD13.VENk01_MW | D49: D.-213 - Istwert FCU Kälteventil | F49: In14 | G49: Modicon 3 - EAP1 - UI0 | M49: 2,00 V | N49: 10,00 V | O49: 0 | P49: 1 | S49: 0 | W49: TRUE | X49: 0 | Y49: 0.0071 | AG49: F2-138 | AI49: Keine
B50: Spannungseingang | C50: RAV-205.RAUD20.VENk01_MW | D50: D.-220 - Istwert FCU Kälteventil | F50: In15 | G50: Modicon 4 - EAP1 - UI0 | M50: 2,00 V | N50: 10,00 V | O50: 0 | P50: 1 | S50: 0 | W50: TRUE | X50: 0 | Y50: 0.9994 | AG50: F2-156 | AI50: Keine
B51: Spannungseingang | C51: RAV-205.RAUD21.VENk01_MW | D51: D.-221 - Istwert FCU Kälteventil | F51: In16 | G51: Modicon 4 - EAP1 - UI2 | M51: 2,00 V | N51: 10,00 V | O51: 0 | P51: 1 | S51: 0 | W51: TRUE | X51: 0 | Y51: 0.0045 | AG51: F2-161 | AI51: Keine
B52: UI-16 | C52: M6 UI-16 | D52: UI-16 | E52: 6 | AI52: Keine
B53: Spannungseingang | C53: RAV-205.RAUD27.VENk01_MW | D53: D.-227 - Istwert FCU Kälteventil | F53: In1 | G53: Modicon 5 - EAP1 - UI0 | M53: 2,00 V | N53: 10,00 V | O53: 0 | P53: 1 | S53: 0 | W53: TRUE | X53: 0 | Y53: 0.3322 | AG53: F3-173 | AI53: Keine
B54: Spannungseingang | C54: RAV-205.RAUD61.VENk01_MW | D54: D.-261 - Istwert FCU Kälteventil | F54: In2 | G54: Modicon 6 - EAP1 - UI0 | M54: 2,00 V | N54: 10,00 V | O54: 0 | P54: 1 | S54: 0 | W54: TRUE | X54: 0 | Y54: 0.9943 | AG54: F3-191 | AI54: Keine
B55: Spannungseingang | C55: RAV-205.RAUD61.VENk02_MW | D55: D.-261 - Istwert FCU Kälteventil | F55: In3 | G55: Modicon 6 - EAP1 - UI1 | M55: 2,00 V | N55: 10,00 V | O55: 0 | P55: 1 | S55: 0 | W55: TRUE | X55: 0 | Y55: -0.25 | AG55: F3-192 | AI55: Keine
B56: Spannungseingang | C56: RAV-205.RAUD75.VENk01_MW | D56: D.-275 - Istwert FCU Kälteventil | F56: In4 | G56: Modicon 7 - EAP1 - UI0 | M56: 2,00 V | N56: 10,00 V | O56: 0 | P56: 1 | S56: 0 | W56: TRUE | X56: 0 | Y56: 0.0051 | AG56: F3-208 | AI56: Keine
B57: Spannungseingang | C57: RAV-205.RAUD88.VENk01_MW | D57: D.-288 - Istwert FCU Kälteventil | F57: In5 | G57: Modicon 7 - EAP1 - UI2 | M57: 2,00 V | N57: 10,00 V | O57: 0 | P57: 1 | S57: 0 | W57: TRUE | X57: 0 | Y57: 0.0056 | AG57: F3-215 | AI57: Keine
B58: Spannungseingang | C58: RAV-205.RAUD07.VENu01_MW | D58: D.-207 - Istwert HZG/KLG Ventil | F58: In6 | G58: Modicon 1 - EAP1 - UI0 | M58: 2,00 V | N58: 10,00 V | O58: 0 | P58: 1 | S58: 0 | W58: TRUE | X58: 0 | Y58: 0.0067 | AG58: F2-108 | AI58: Keine
B59: Spannungseingang | C59: RAV-205.RAUD07.VENu02_MW | D59: D.-207 - Istwert HZG/KLG Ventil | F59: In7 | G59: Modicon 1 - EAP1 - UI2 | M59: 2,00 V | N59: 10,00 V | O59: 0 | P59: 1 | S59: 0 | W59: TRUE | X59: 0 | Y59: 0.0045 | AG59: F2-111 | AI59: Keine
B60: Spannungseingang | C60: RAV-205.RAUD07.VENu03_MW | D60: D.-207 - Istwert HZG/KLG Ventil | F60: In8 | G60: Modicon 1 - EAP1 - UI4 | M60: 2,00 V | N60: 10,00 V | O60: 0 | P60: 1 | S60: 0 | W60: TRUE | X60: 0 | Y60: 0.0049 | AG60: F2-114 | AI60: Keine
B61: Spannungseingang | C61: RAV-205.RAUD07.VENu04_MW | D61: D.-207 - Istwert HZG/KLG Ventil | F61: In9 | G61: Modicon 1 - EAP2 - UI0 | M61: 2,00 V | N61: 10,00 V | O61: 0 | P61: 1 | S61: 0 | W61: TRUE | X61: 0 | Y61: 0.0065 | AG61: F2-117 | AI61: Keine
B62: Spannungseingang | C62: RAV-205.RAUD17.VENu01_MW | D62: D.-217 - Istwert FCU Ventil | F62: In10 | G62: Modicon 3 - EAP1 - UI1 | M62: 2,00 V | N62: 10,00 V | O62: 0 | P62: 1 | S62: 0 | W62: TRUE | X62: 0 | Y62: 0.0076 | AG62: F2-147 | AI62: Keine
B63: Spannungseingang | C63: RAV-205.RAUD27.TML001_MW | D63: D.-227 - Istwert VOC | F63: In11 | G63: Modicon 5 - M172 - AI4 | M63: 0,00 V | N63: 10,00 V | O63: 0 | P63: 1 | S63: 0 | W63: TRUE | X63: 0 | Y63: 0 | AG63: F3-177 | AH63: GeJa - gibt es diesen Sensor? | AI63: Keine
B64: Spannungseingang | C64: RAV-205.RAUD72.LQF001_MW | D64: D.-272 - Istwert VOC | F64: In12 | G64: Modicon 6 - M172 - AI8 | M64: 0,00 V | N64: 10,00 V | O64: 0 | P64: 1 | S64: 0 | W64: TRUE | X64: 0 | Y64: 0.0051 | AG64: F3-204 | AI64: Keine
B65: Spannungseingang | C65: RAV-205.RAUD75.TML001_MW | D65: D.-275 - Istwert VOC | F65: In13 | G65: Modicon 7 - M172 - AI4 | M65: 0,00 V | N65: 10,00 V | O65: 0 | P65: 1 | S65: 0 | W65: TRUE | X65: 0 | Y65: 0.0054 | AG65: F3-212 | AI65: Keine
B66: Spannungseingang | C66: RAV-205.RAUD88.TML001_MW | D66: D.-288 - Istwert VOC | F66: In14 | G66: Modicon 7 - M172 - AI8 | M66: 0,00 V | N66: 10,00 V | O66: 0 | P66: 1 | S66: 0 | W66: TRUE | X66: 0 | Y66: 0.0051 | AG66: F3-219 | AI66: Keine
B67: Digitaleingang | C67: RAV-205.RAUD75.UMV001_PUM_SM | D67: D.-275 - Störung Kondensatpumpe | F67: In15 | G67: Modicon 7 - M172 - DI2 | H67: TRUE | I67: Rot | J67: TRUE | Y67: Aus | AG67: F1-32 | AI67: Keine
B68: Digitaleingang | C68: RAV-205.RAUD88.UMV001_PUM_SM | D68: D.-288 - Störung Kondensatpumpe | F68: In16 | G68: Modicon 7 - M172 - DI4 | H68: TRUE | I68: Rot | J68: TRUE | Y68: Aus | AI68: Keine
B69: UI-16 | C69: M7 UI-16 | D69: UI-16 | E69: 7 | AI69: Keine
B70: Spannungseingang | C70: RAV-205.RAUD07.VVR001_MW | D70: D.-207 - Istwert ZUL VVR | F70: In1 | G70: Modicon 1 - EAP2 - UI2 | M70: 2,00 V | N70: 10,00 V | O70: 0,00 m³/h | P70: 2 120,00 m³/h | S70: 0,00 m³/h | W70: TRUE | X70: 0 | Y70: 670,18 m³/h | AG70: F2-119 | AI70: Keine
B71: Spannungseingang | C71: RAV-205.RAUD07.VVR003_MW | D71: D.-207 - Istwert ZUL VVR | F71: In2 | G71: Modicon 1 - EAP2 - UI4 | M71: 2,00 V | N71: 10,00 V | O71: 0,00 m³/h | P71: 2 120,00 m³/h | S71: 0,00 m³/h | W71: TRUE | X71: 0 | Y71: 796,85 m³/h | AG71: F2-120 | AI71: Keine
B72: Spannungseingang | C72: RAV-205.RAUD09.VVR001_MW | D72: D.-209 - Istwert ZUL VVR | F72: In3 | G72: Modicon 1 - M172 - AI8 | M72: 2,00 V | N72: 10,00 V | O72: 0,00 m³/h | P72: 340,00 m³/h | S72: 0,00 m³/h | W72: TRUE | X72: 0 | Y72: 81,09 m³/h | AG72: F2-121 | AI72: Keine
B73: Spannungseingang | C73: RAV-205.RAUD13.VVR001_MW | D73: D.-213 - Istwert ZUL VVR | F73: In4 | G73: Modicon 3 - M172 - AI4 | M73: 2,00 V | N73: 10,00 V | O73: 0,00 m³/h | P73: 100,00 m³/h | S73: 0,00 m³/h | W73: TRUE | X73: 0 | Y73: -24,74 m³/h | AG73: F2-139 | AI73: Keine
B74: Spannungseingang | C74: RAV-205.RAUD17.VVR001_MW | D74: D.-217 - Istwert ZUL VVR | F74: In5 | G74: Modicon 3 - M172 - AI5 | M74: 2,00 V | N74: 10,00 V | O74: 0,00 m³/h | P74: 870,00 m³/h | S74: 0,00 m³/h | W74: TRUE | X74: 0 | Y74: 393,46 m³/h | AG74: F2-149 | AI74: Keine
B75: Spannungseingang | C75: RAV-205.RAUD21.VVR001_MW | D75: D.-221 - Istwert ZUL VVR | F75: In6 | G75: Modicon 4 - M172 - AI3 | M75: 2,00 V | N75: 10,00 V | O75: 0,00 m³/h | P75: 1 330,00 m³/h | S75: 0,00 m³/h | W75: TRUE | X75: 0 | Y75: 399,17 m³/h | AG75: F2-164 | AI75: Keine
B76: Spannungseingang | C76: RAV-205.RAUD33.VVR001_MW | D76: D.-233 - Istwert ZUL VVR | F76: In7 | G76: Modicon 5 - M172 - AI5 | M76: 2,00 V | N76: 10,00 V | O76: 0,00 m³/h | P76: 4 300,00 m³/h | S76: 0,00 m³/h | W76: TRUE | X76: 0 | Y76: 772,92 m³/h | AG76: F3-182 | AI76: Keine
B77: Spannungseingang | C77: RAV-205.RAUD27.VVR001_MW | D77: D.-227 - Istwert ZUL VVR | F77: In8 | G77: Modicon 5 - M172 - AI7 | M77: 2,00 V | N77: 10,00 V | O77: 0,00 m³/h | P77: 2 120,00 m³/h | S77: 0,00 m³/h | W77: TRUE | X77: 0 | Y77: 354,57 m³/h | AG77: F3-176 | AI77: Keine
B78: Spannungseingang | C78: RAV-205.RAUD74.VVR001_MW | D78: D.-274 - Istwert ZUL VVR | F78: In9 | G78: Modicon 6 - EAP1 - UI2 | M78: 2,00 V | N78: 10,00 V | O78: 0,00 m³/h | P78: 870,00 m³/h | S78: 0,00 m³/h | W78: TRUE | X78: 0 | Y78: -217,50 m³/h | AG78: F3-205 -prüfen AI3??? | AI78: Keine
B79: Spannungseingang | C79: RAV-205.RAUD72.VVR001_MW | D79: D.-272 - Istwert ZUL VVR | F79: In10 | G79: Modicon 6 - M172 - AI6 | M79: 2,00 V | N79: 10,00 V | O79: 0,00 m³/h | P79: 1 360,00 m³/h | S79: 0,00 m³/h | W79: TRUE | X79: 0 | Y79: 236,81 m³/h | AG79: F3-203 | AI79: Keine
B80: Spannungseingang | C80: RAV-205.RAUD75.VVR001_MW | D80: D.-275 - Istwert ZUL VVR | F80: In11 | G80: Modicon 7 - M172 - AI5 | M80: 2,00 V | N80: 10,00 V | O80: 0,00 m³/h | P80: 3 500,00 m³/h | S80: 0,00 m³/h | W80: TRUE | X80: 0 | Y80: 660,63 m³/h | AG80: F3-211 | AI80: Keine
B81: Spannungseingang | C81: RAV-205.RAUD88.VVR001_MW | D81: D.-288 - Istwert ZUL VVR | F81: In12 | G81: Modicon 7 - M172 - AI6 | M81: 2,00 V | N81: 10,00 V | O81: 0,00 m³/h | P81: 1 360,00 m³/h | S81: 0,00 m³/h | W81: TRUE | X81: 0 | Y81: 288,49 m³/h | AG81: F3-218 | AI81: Keine
B82: Spannungseingang | C82: RAV-205.RAUD05.MAB001_F_MW | D82: D.-205 - Istwert Abluftfeuchte | F82: In13 | G82: Modicon 6 - M172 - AI3 | M82: 2,00 V | N82: 10,00 V | O82: 0 | P82: 1 | S82: 0 | W82: TRUE | X82: 0 | Y82: -0.25 | AG82: F3-194 | AI82: Keine
B83: Spannungseingang | C83: RAV-205.RAUD85.MAB001_F_MW | D83: D.-285 - Istwert Abluftfeuchte | F83: In14 | G83: Modicon 7 - M172 - AI9 | M83: 2,00 V | N83: 10,00 V | O83: 0 | P83: 1 | S83: 0 | W83: TRUE | X83: 0 | Y83: -0.25 | AG83: F3-223 | AI83: Keine
B84: Spannungseingang | C84: RAV-205.RAUD05.MAB001_T_MW | D84: D.-205 - Istwert Ablufttemperatur | F84: In15 | G84: Modicon 6 - M172 - AI4 | M84: 2,00 V | N84: 10,00 V | O84: 0 | P84: 1 | S84: 0 | W84: TRUE | X84: 0 | Y84: -0.25 | AG84: F3-194 | AI84: Keine
B85: Spannungseingang | C85: RAV-205.RAUD85.MAB001_T_MW | D85: D.-285 - Istwert Ablufttemperatur | F85: In16 | G85: Modicon 7 - M172 - AI10 | M85: 2,00 V | N85: 10,00 V | O85: 0 | P85: 1 | S85: 0 | W85: TRUE | X85: 0 | Y85: -0.25 | AG85: F3-223 | AI85: Keine
B86: UI-16 | C86: M8 UI-16 | D86: UI-16 | E86: 8 | AI86: Keine
B87: Spannungseingang | C87: RAV-205.RAUD07.VVR002_MW | D87: D.-207 - Istwert ABL VVR | F87: In1 | G87: Modicon 1 - EAP2 - UI3 | M87: 2,00 V | N87: 10,00 V | O87: 0,00 m³/h | P87: 2 120,00 m³/h | S87: 0,00 m³/h | W87: TRUE | X87: 0 | Y87: 862,04 m³/h | AG87: F2-119 | AI87: Keine
B88: Spannungseingang | C88: RAV-205.RAUD07.VVR004_MW | D88: D.-207 - Istwert ABL VVR | F88: In2 | G88: Modicon 1 - EAP2 - UI5 | M88: 2,00 V | N88: 10,00 V | O88: 0,00 m³/h | P88: 2 120,00 m³/h | S88: 0,00 m³/h | W88: TRUE | X88: 0 | Y88: 839,52 m³/h | AG88: F2-120 | AI88: Keine
B89: Spannungseingang | C89: RAV-205.RAUD09.VVR002_MW | D89: D.-209 - Istwert ABL VVR | F89: In3 | G89: Modicon 1 - M172 - AI7 | M89: 2,00 V | N89: 10,00 V | O89: 0,00 m³/h | P89: 340,00 m³/h | S89: 0,00 m³/h | W89: TRUE | X89: 0 | Y89: 104,00 m³/h | AG89: F2-121 | AI89: Keine
B90: Spannungseingang | C90: RAV-205.RAUD13.VVR002_MW | D90: D.-213 - Istwert ABL VVR | F90: In4 | G90: Modicon 3 - M172 - AI3 | M90: 2,00 V | N90: 10,00 V | O90: 0,00 m³/h | P90: 100,00 m³/h | S90: 0,00 m³/h | W90: TRUE | X90: 0 | Y90: -25,00 m³/h | AG90: F2-139 | AI90: Keine
B91: Spannungseingang | C91: RAV-205.RAUD17.VVR002_MW | D91: D.-217 - Istwert ABL VVR | F91: In5 | G91: Modicon 3 - M172 - AI6 | M91: 2,00 V | N91: 10,00 V | O91: 0,00 m³/h | P91: 870,00 m³/h | S91: 0,00 m³/h | W91: TRUE | X91: 0 | Y91: 403,57 m³/h | AG91: F2-149 | AI91: Keine
B92: Spannungseingang | C92: RAV-205.RAUD21.VVR002_MW | D92: D.-221 - Istwert ABL VVR | F92: In6 | G92: Modicon 4 - M172 - AI4 | M92: 2,00 V | N92: 10,00 V | O92: 0,00 m³/h | P92: 1 330,00 m³/h | S92: 0,00 m³/h | W92: TRUE | X92: 0 | Y92: 394,51 m³/h | AG92: F2-164 | AI92: Keine
B93: Spannungseingang | C93: RAV-205.RAUD27.VVR002_MW | D93: D.-227 - Istwert ABL VVR | F93: In7 | G93: Modicon 5 - M172 - AI3 | M93: 2,00 V | N93: 10,00 V | O93: 0,00 m³/h | P93: 870,00 m³/h | S93: 0,00 m³/h | W93: TRUE | X93: 0 | Y93: 398,13 m³/h | AG93: F3-176 | AI93: Keine
B94: Spannungseingang | C94: RAV-205.RAUD33.VVR002_MW | D94: D.-233 - Istwert ABL VVR | F94: In8 | G94: Modicon 5 - M172 - AI6 | M94: 2,00 V | N94: 10,00 V | O94: 0,00 m³/h | P94: 3 500,00 m³/h | S94: 0,00 m³/h | W94: TRUE | X94: 0 | Y94: 824,25 m³/h | AG94: F3-182 | AI94: Keine
B95: Spannungseingang | C95: RAV-205.RAUD05.VVR002_MW | D95: D.-205 - Istwert ABL VVR | F95: In9 | G95: Modicon 6 - M172 - AI5 | M95: 2,00 V | N95: 10,00 V | O95: 0,00 m³/h | P95: 100,00 m³/h | S95: 0,00 m³/h | W95: TRUE | X95: 0 | Y95: 29,79 m³/h | AG95: F3-196 | AI95: Keine
B96: Spannungseingang | C96: RAV-205.RAUD72.VVR002_MW | D96: D.-272 - Istwert ABL VVR | F96: In10 | G96: Modicon 6 - M172 - AI7 | M96: 2,00 V | N96: 10,00 V | O96: 0,00 m³/h | P96: 1 360,00 m³/h | S96: 0,00 m³/h | W96: TRUE | X96: 0 | Y96: 239,19 m³/h | AG96: F3-203 | AI96: Keine
B97: Spannungseingang | C97: RAV-205.RAUD85.VVR002_MW | D97: D.-285 - Istwert ABL VVR | F97: In11 | G97: Modicon 7 - EAP1 - UI4 | M97: 2,00 V | N97: 10,00 V | O97: 0,00 m³/h | P97: 1 360,00 m³/h | S97: 0,00 m³/h | W97: TRUE | X97: 0 | Y97: -319,43 m³/h | AG97: F3-222 | AI97: Keine
B98: Spannungseingang | C98: RAV-205.RAUD75.VVR002_MW | D98: D.-275 - Istwert ABL VVR | F98: In12 | G98: Modicon 7 - M172 - AI3 | M98: 2,00 V | N98: 10,00 V | O98: 0,00 m³/h | P98: 1 700,00 m³/h | S98: 0,00 m³/h | W98: TRUE | X98: 0 | Y98: 396,10 m³/h | AG98: F3-211 | AI98: Keine
B99: Spannungseingang | C99: RAV-205.RAUD88.VVR002_MW | D99: D.-288 - Istwert ABL VVR | F99: In13 | G99: Modicon 7 - M172 - AI7 | M99: 2,00 V | N99: 10,00 V | O99: 0,00 m³/h | P99: 870,00 m³/h | S99: 0,00 m³/h | W99: TRUE | X99: 0 | Y99: 128,22 m³/h | AG99: F3-218 | AI99: Keine
B100: Spannungseingang | C100: RAV-205.RAUD07.VEN101_MW | D100: D.-207 - Istwert 6-Wege Ventil | F100: In14 | G100: 0,00 m³/h | M100: 2,00 V | N100: 10,00 V | O100: 0 | P100: 1 | S100: 0 | W100: FALSE | X100: 0 | Y100: 0.0009 | AG100: 0,00 m³/h | AH100: 0,00 m³/h | AI100: Keine
B101: Leerer Eingang | C101: M8 UI-16_LeerInput_15? | F101: In15 | K101: FALSE | V101: 0 ohm | Y101: 0,00 °C
B102: Leerer Eingang | C102: M8 UI-16_LeerInput_16? | F102: In16 | K102: FALSE | V102: 0 ohm | Y102: 0,00 °C
B103: AO-V-8 | C103: M9 AO-V-8 | D103: AO-V-8 | E103: 9 | AI103: Keine
...

Sheet ASP0303_DP (2)
B1: DO-FA-12 | C1: M3 253K2 | D1: M3 253K2 - DO-FA-12 | E1: 3 | AI1: Keine
B2: Digitalausgang | C2: ELT303.ASV010_QUT_SB | D2: ELT303 - Schaltbefehl Fernresettaster | F2: Out1 | G2: ASP0303s_Entsperren_SB | H2: FALSE | Y2: Aus | Z2: Aus | AA2: Aus | AG2: =ASP0303s&EFS+F3/ASP0303s/205.4 | AI2: Keine
B3: Digitalausgang | C3: ELT303.ASV010_QUT_SBSSM_LED_SB | D3: ELT303 - Schaltbefehl Summenstörung | F3: Out2 | G3: ASP0303s_SSM_LED_SB | H3: FALSE | Y3: Aus | Z3: Aus | AA3: Aus | AG3: =ASP0303s&EFS+F3/ASP0303s/205.7 | AI3: Keine
B4: Digitalausgang | C4: BMA001.BMZ021_SB | D4: BMA001 - Schaltbefehl BMZ021 | F4: Out3 | G4: ASP0303s_BMA_FUB021_SB | H4: FALSE | Y4: Aus | Z4: Aus | AA4: Aus | AG4: =ASP0303s&EFS+F3/ASP0303s/202.1 | AI4: Keine
B5: Digitalausgang | C5: BMA001.BMZ034_SB | D5: BMA001 - Schaltbefehl BMZ034 | F5: Out4 | G5: ASP0303s_BMA_FUB034_SB | H5: FALSE | Y5: Aus | Z5: Aus | AA5: Aus | AG5: =ASP0303s&EFS+F3/ASP0303s/202.2 | AI5: Keine
B6: Digitalausgang | C6: BMA001.BMZ035_SB | D6: BMA001 - Schaltbefehl BMZ035 | F6: Out5 | G6: ASP0303s_BMA_FUB035_SB | H6: FALSE | Y6: Aus | Z6: Aus | AA6: Aus | AG6: =ASP0303s&EFS+F3/ASP0303s/202.4 | AI6: Keine
B7: Digitalausgang | C7: BMA001.BMZ046_SB | D7: BMA001 - Schaltbefehl BMZ046 | F7: Out6 | G7: ASP0303s_BMA_FUB046_SB | H7: FALSE | Y7: Aus | Z7: Aus | AA7: Aus | AG7: =ASP0303s&EFS+F3/ASP0303s/202.5 | AI7: Keine
B8: Digitalausgang | C8: BMA001.BMZ047_SB | D8: BMA001 - Schaltbefehl BMZ047 | F8: Out7 | G8: ASP0303s_BMA_FUB047_SB | H8: FALSE | Y8: Aus | Z8: Aus | AA8: Aus | AG8: =ASP0303s&EFS+F3/ASP0303s/202.6 | AI8: Keine
B9: Digitalausgang | C9: RLT007.BFS001_AUTO_SB | D9: RLT007 - Schaltbefehl Entrauchung Auto | F9: Out8 | G9: ASP0303s_RLT007_AUTO_SB | H9: FALSE | Y9: Ein | Z9: Ein | AA9: Aus | AG9: =ASP0303s&EFS+F3/ASP0303s/203.1 | AI9: Keine
B10: Digitalausgang | C10: RLT007.BFS001_AUS_SB | D10: RLT007 - Schaltbefehl Entrauchung AUS | F10: Out9 | G10: ASP0303s_RLT007_AUS_SB | H10: FALSE | Y10: Aus | Z10: Aus | AA10: Aus | AG10: =ASP0303s&EFS+F3/ASP0303s/203.2 | AI10: Keine
B11: Digitalausgang | C11: RLT007.BFS001_EIN_SB | D11: RLT007 - Schaltbefehl Entrauchung EIN | F11: Out10 | G11: ASP0303s_RLT007_EIN_SB | H11: FALSE | Y11: Aus | Z11: Aus | AA11: Aus | AG11: =ASP0303s&EFS+F3/ASP0303s/203.3 | AI11: Keine
B12: Digitalausgang | C12: RLT015.BFS001_AUTO_SB | D12: RLT015 - Schaltbefehl Entrauchung Auto | F12: Out11 | G12: ASP0303s_RLT015_AUTO_SB | H12: FALSE | Y12: Aus | Z12: Aus | AA12: Aus | AG12: RBA01.E03.A.319.F=ASP0303s.RLT015.BFS001 | AI12: Keine
B13: Digitalausgang | C13: RLT015.BFS001_AUS_SB | D13: RLT015 - Schaltbefehl Entrauchung AUS | F13: Out12 | G13: ASP0303s_RLT015_AUS_SB | H13: FALSE | Y13: Aus | Z13: Aus | AA13: Aus | AG13: RBA01.E03.A.319.F=ASP0303s.RLT015.BFS001 | AI13: Keine
B14: DO-FA-12 | C14: M4 253K3 | D14: M4 253K3 - DO-FA-12 | E14: 4 | AI14: Keine
B15: Digitalausgang | C15: RLT015.BFS001_EIN_SB | D15: RLT015 - Schaltbefehl Entrauchung EIN | F15: Out1 | G15: ASP0303s_RLT015_EIN_SB | H15: FALSE | Y15: Aus | Z15: Aus | AA15: Aus | AG15: RBA01.E03.A.319.F=ASP0303s.RLT015.BFS001 | AI15: Keine
B16: Digitalausgang | C16: RLT017.BFS001_AUTO_SB | D16: RLT017 - Schaltbefehl Entrauchung Auto | F16: Out2 | G16: ASP0303s_RLT017_AUTO_SB | H16: FALSE | Y16: Aus | Z16: Aus | AA16: Aus | AG16: RBA01.E03.A.319.F=ASP0303s.RLT017.BFS001 | AI16: Keine
B17: Digitalausgang | C17: RLT017.BFS001_AUS_SB | D17: RLT017 - Schaltbefehl Entrauchung AUS | F17: Out3 | G17: ASP0303s_RLT017_AUS_SB | H17: FALSE | Y17: Aus | Z17: Aus | AA17: Aus | AG17: RBA01.E03.A.319.F=ASP0303s.RLT017.BFS001 | AI17: Keine
B18: Digitalausgang | C18: RLT017.BFS001_EIN_SB | D18: RLT017 - Schaltbefehl Entrauchung EIN | F18: Out4 | G18: ASP0303s_RLT017_EIN_SB | H18: FALSE | Y18: Aus | Z18: Aus | AA18: Aus | AG18: RBA01.E03.A.319.F=ASP0303s.RLT017.BFS001 | AI18: Keine
B19: Digitalausgang | C19: RLT007.ZUV001_SB | D19: RLT007 - Schaltbefehl Zuluftventilator | F19: Out5 | G19: ASP-303.RLT17.ZUV001_SB | H19: FALSE | Y19: Ein | Z19: Ein | AA19: Aus | AG19: RBA01.E03.A.319.F=ASP0303s.RLT007.ZUV001 | AH19: geprüft Michael/Kai 29.07.24 | AI19: Keine
B20: Digitalausgang | C20: RLT007.ABV101_SB | D20: RLT007 - Schaltbefehl Abluftventilator | F20: Out6 | G20: ASP-303.RLT17.ABV101_SB | H20: FALSE | Y20: Ein | Z20: Ein | AA20: Aus | AG20: RBA01.E03.A.319.F=ASP0303s.RLT007.ABV101 | AH20: geprüft Michael/Kai 29.07.24 | AI20: Keine
B21: Digitalausgang | C21: RLT007.PPE001_SB | D21: RLT007 - Schaltbefehl Pumpe WRG KVS | F21: Out7 | G21: ASP-303.RLT22A.PPE001_SB | H21: FALSE | Y21: Aus | Z21: Aus | AA21: Aus | AG21: RBA01.E03.A.319.F=ASP0303s.RLT007.KVS001 | AI21: Keine
B22: Digitalausgang | C22: RLT007.LKL001_SB | D22: RLT007 - Schaltbefehl Klappe Aussenluft | F22: Out8 | G22: ASP-303.RLT22A.LKL001_SB | H22: FALSE | Y22: Ein | Z22: Ein | AA22: Aus | AG22: RBA01.E03.A.319.F=ASP0303s.RLT007.LKL001 | AI22: Keine
B23: Digitalausgang | C23: RLT007.LKL101_SB | D23: RLT007 - Schaltbefehl Klappe Fortluft | F23: Out9 | G23: ASP-303.RLT22A.LKL002_SB | H23: FALSE | Y23: Ein | Z23: Ein | AA23: Aus | AG23: RBA01.E03.A.319.F=ASP0303s.RLT007.LKL101 | AI23: Keine
B24: Digitalausgang | C24: RLT015.ZUV001_SB | D24: RLT015 - Schaltbefehl Zuluftventilator | F24: Out10 | G24: RLT015_ZUL_FAN_SB | H24: FALSE | Y24: Aus | Z24: Aus | AA24: Aus | AG24: RBA01.E03.A.319.F=ASP0303s.RLT015.ZUV001 | AI24: Keine
B25: Digitalausgang | C25: RLT015.ABV101_SB | D25: RLT015 - Schaltbefehl Abluftventilator | F25: Out11 | G25: RLT015_ABL_FAN_SB | H25: FALSE | Y25: Aus | Z25: Aus | AA25: Aus | AG25: RBA01.E03.A.319.F=ASP0303s.RLT015.ABV101 | AI25: Keine
B26: Digitalausgang | C26: RLT015.LKL102_SB | D26: RLT015 - Schaltbefehl Klappe Abluft | F26: Out12 | G26: RLT015_ABL_KLP_SB | H26: FALSE | Y26: Aus | Z26: Aus | AA26: Aus | AG26: RBA01.E03.A.319.F=ASP0303s.RLT015.LKL102 | AH26: geprüft Michael/Kai 29.07.24 | AI26: Keine
B27: DO-FC-8 | C27: M5 253K4 | D27: M5 253K4 - DO-FC-8 | E27: 5 | AI27: Keine
B28: Digitalausgang | C28: RLT015.LKL001_SB | D28: RLT015 - Schaltbefehl Klappe Aussenluft | F28: Out1 | G28: RLT015_AUL_KLP_SB | H28: FALSE | Y28: Aus | Z28: Aus | AA28: Aus | AG28: RBA01.E03.A.319.F=ASP0303s.RLT015.LKL001 | AH28: geprüft Michael/Kai 29.07.24 | AI28: Keine
B29: Digitalausgang | C29: RLT015.LKL101_SB | D29: RLT015 - Schaltbefehl Klappe Abluft | F29: Out2 | G29: RLT015_FOL_KLP_SB | H29: FALSE | Y29: Aus | Z29: Aus | AA29: Aus | AG29: RBA01.E03.A.319.F=ASP0303s.RLT015.LKL101 | AH29: geprüft Michael/Kai 29.07.24 | AI29: Keine
B30: Leerer Ausgang | C30: M5 253K4_Leer Output_3? | F30: Out3 | Y30: 0,00 V | Z30: 0,00 V
B31: Leerer Ausgang | C31: M5 253K4_Leer Output_4? | F31: Out4 | Y31: 0,00 V | Z31: 0,00 V
B32: Leerer Ausgang | C32: M5 253K4_Leer Output_5? | F32: Out5 | Y32: 0,00 V | Z32: 0,00 V
B33: Leerer Ausgang | C33: M5 253K4_Leer Output_6? | F33: Out6 | Y33: 0,00 V | Z33: 0,00 V
B34: Leerer Ausgang | C34: M5 253K4_Leer Output_7? | F34: Out7 | Y34: 0,00 V | Z34: 0,00 V
B35: Leerer Ausgang | C35: M5 253K4_Leer Output_8? | F35: Out8 | Y35: 0,00 V | Z35: 0,00 V
B36: AO-V-8 | C36: M6 253K5 | D36: M6 253K5 - AO-V-8 | E36: 6 | AI36: Keine
B37: Spannungsausgang | C37: RLT007.ZUV001_YB | D37: RLT007 - Stellsignal Zuluftventilator | F37: Out1 | G37: RLT007_ZUL_FAN_YB | M37: 0,00 V | N37: 10,00 V | O37: 0 | P37: 1 | X37: 0 | Y37: 0 | Z37: 0 | AA37: 0 | AG37: RBA01.E03.A.319.F=ASP0303s.RLT007.ZUV001 | AH37: geprüft Michael/Kai 29.07.24 | AI37: Keine
B38: Spannungsausgang | C38: RLT007.ABV101_YB | D38: RLT007 - Stellsignal Abluftventilator | F38: Out2 | G38: RLT007_ABL_FAN_YB | M38: 0,00 V | N38: 10,00 V | O38: 0 | P38: 1 | X38: 0 | Y38: 0 | Z38: 0 | AA38: 0 | AG38: RBA01.E03.A.319.F=ASP0303s.RLT007.ABV101 | AH38: geprüft Michael/Kai 29.07.24 | AI38: Keine
B39: Spannungsausgang | C39: RLT007.PPE001_YB | D39: RLT007 - Stellsignal Pumpe WRG KSV | F39: Out3 | G39: RLT007_PUM_YB | M39: 0,00 V | N39: 10,00 V | O39: 0 | P39: 1 | X39: 0 | Y39: 0 | Z39: 0 | AA39: 0 | AG39: RBA01.E03.A.319.F=ASP0303s.RLT007.KVS001 | AI39: Keine
B40: Spannungsausgang | C40: RLT007.LKL004_YB | D40: RLT007 - Stellsignal WRG Klappe 1 | F40: Out4 | G40: RLT007_WRG_KLP_YB | M40: 0,00 V | N40: 10,00 V | O40: 0 | P40: 1 | X40: 0 | Y40: 1 | Z40: 1 | AA40: 0 | AG40: RBA01.E03.A.319.F=ASP0303s.RLT007.LKL004 | AI40: Keine
B41: Spannungsausgang | C41: RLT007.LKL003_YB | D41: RLT007 - Stellsignal WRG Klappe 2 | F41: Out5 | G41: RLT007_BYP_KLP_YB | M41: 0,00 V | N41: 10,00 V | O41: 0 | P41: 1 | X41: 0 | Y41: 0.9982 | Z41: 1 | AA41: 0 | AG41: RBA01.E03.A.319.F=ASP0303s.RLT007.LKL003 | AI41: Keine
B42: Spannungsausgang | C42: RLT007.LKL102_YB | D42: RLT007 - Stellsignal Umluftklappe | F42: Out6 | G42: RLT007_UML_KLP_YB | M42: 2,00 V | N42: 10,00 V | O42: 0 | P42: 1 | X42: 0 | Y42: 0.0009 | Z42: 0 | AA42: 0 | AH42: geprüft Michael/Kai 29.07.24 | AI42: Keine
B43: Spannungsausgang | C43: RLT007.VEN001_YB | D43: RLT007 - Stellsignal Ventil Lufterhitzer | F43: Out7 | G43: RLT007_HZG_VEN_YB | M43: 2,00 V | N43: 10,00 V | O43: 0 | P43: 1 | X43: 0 | Y43: 0.3991 | Z43: 0.4 | AA43: 0 | AG43: RBA01.E03.A.319.F=ASP0303s.RLT007.VEN001 | AH43: geprüft Michael/Kai 29.07.24 | AI43: Keine
B44: Spannungsausgang | C44: RLT007.VEN002_YB | D44: RLT007 - Stellsignal Ventil Luftkühler | F44: Out8 | G44: RLT007_KLT_VEN_YB | M44: 2,00 V | N44: 10,00 V | O44: 0 | P44: 1 | X44: 0 | Y44: 0.9979 | Z44: 1 | AA44: 0 | AG44: RBA01.E03.A.319.F=ASP0303s.RLT007.VEN002 | AH44: geprüft Michael/Kai 29.07.24 | AI44: Keine
B45: AO-V-8 | C45: M7 253K6 | D45: M7 253K6 - AO-V-8 | E45: 7 | AI45: Keine
B46: Spannungsausgang | C46: RLT007.VEN101_YB | D46: RLT007 - Stellsignal WRG Ventil KVS | F46: Out1 | G46: RLT007_KVS_VEN_YB | M46: 2,00 V | N46: 10,00 V | O46: 0 | P46: 1 | X46: 0 | Y46: 0.0986 | Z46: 0.1 | AA46: 0 | AG46: RBA01.E03.A.319.F=ASP0303s.RLT007.VEN101 | AH46: geprüft Michael/Kai 29.07.24 | AI46: Keine
B47: Spannungsausgang | C47: RLT015.ZUV001_YB | D47: RLT015 - Stellsignal Zuluftventilator | F47: Out2 | G47: RLT015_ZUL_FAN_YB | M47: 0,00 V | N47: 10,00 V | O47: 0 | P47: 1 | X47: 0 | Y47: 0 | Z47: 0 | AA47: 0 | AG47: RBA01.E03.A.319.F=ASP0303s.RLT015.ZUV001 | AI47: Keine
B48: Spannungsausgang | C48: RLT015.ABV101_YB | D48: RLT015 - Stellsignal Abluftventilator | F48: Out3 | G48: RLT015_ABL_FAN_YB | M48: 0,00 V | N48: 10,00 V | O48: 0 | P48: 1 | X48: 0 | Y48: 0 | Z48: 0 | AA48: 0 | AG48: RBA01.E03.A.319.F=ASP0303s.RLT015.ABV101 | AI48: Keine
B49: Spannungsausgang | C49: RLT015.LKL004_YB | D49: RLT015 - Stellsignal WRG KLappe 1 | F49: Out4 | G49: RLT015_WRG_KLP1_YB | M49: 0,00 V | N49: 10,00 V | O49: 0 | P49: 1 | X49: 0 | Y49: 0 | Z49: 0 | AA49: 0 | AG49: RBA01.E03.A.319.F=ASP0303s.RLT015.LKL004 | AI49: Keine
B50: Spannungsausgang | C50: RLT015.LKL005_YB | D50: RLT015 - Stellsignal WRG KLappe 2 | F50: Out5 | G50: RLT015_WRG_KLP2_YB | M50: 0,00 V | N50: 10,00 V | O50: 0 | P50: 1 | X50: 0 | Y50: 0 | Z50: 0 | AA50: 0 | AG50: RBA01.E03.A.319.F=ASP0303s.RLT015.LKL005 | AI50: Keine
B51: Spannungsausgang | C51: RLT015.LKL002_YB | D51: RLT015 - Stellsignal WRG KLappe 3 | F51: Out6 | G51: RLT015_BYP_KLP1_YB | M51: 0,00 V | N51: 10,00 V | O51: 0 | P51: 1 | X51: 0 | Y51: 0 | Z51: 0 | AA51: 0 | AG51: RBA01.E03.A.319.F=ASP0303s.RLT015.LKL002 | AI51: Keine
B52: Spannungsausgang | C52: RLT015.LKL003_YB | D52: RLT015 - Stellsignal WRG KLappe 4 | F52: Out7 | G52: RLT015_BYP_KLP2_YB | M52: 0,00 V | N52: 10,00 V | O52: 0 | P52: 1 | X52: 0 | Y52: 0 | Z52: 0 | AA52: 0 | AG52: RBA01.E03.A.319.F=ASP0303s.RLT015.LKL003 | AI52: Keine
B53: Spannungsausgang | C53: RLT015.VEN001_YB | D53: RLT015 - Stellsignal Ventil Lufterhitzer | F53: Out8 | G53: RLT015_HZG_VEN_YB | M53: 0,00 V | N53: 10,00 V | O53: 0 | P53: 1 | X53: 0 | Y53: 0 | Z53: 0 | AA53: 0 | AG53: RBA01.E03.A.319.F=ASP0303s.RLT015.VEN001 | AI53: Keine
B54: UI-8.AO-V-4 | C54: M8 253K7 | D54: M8 253K7 - UI-8.AO-V-4 | E54: 8 | AI54: Keine
B55: Stromeingang | C55: RLT007.ZUV001_MW | D55: RLT007 - Istwert Zuluftventilator | F55: In1 | G55: RLT007_ZUL_FAN_MW | M55: 4,00 mA | N55: 20,00 mA | O55: 0,00 Hz | P55: 100,00 Hz | S55: 0,00 Hz | W55: TRUE | X55: 0 | Y55: 0,92 Hz | AG55: RLT007_ZUL_FAN_MW | AH55: geprüft Michael/Kai 29.07.24 | AI55: Keine
B56: Stromeingang | C56: RLT007.ABV101_MW | D56: RLT007 - Istwert Abluftventilator | F56: In2 | G56: RLT007_ABL_FAN_MW | M56: 4,00 mA | N56: 20,00 mA | O56: 0,00 Hz | P56: 100,00 Hz | S56: 0,00 Hz | W56: TRUE | X56: 0 | Y56: -0,08 Hz | AG56: RBA01.E03.A.319.F=ASP0303s.RLT007.ABV101 | AH56: geprüft Michael/Kai 29.07.24 | AI56: Keine
B57: Spannungseingang | C57: RLT007.LKL004_MW | D57: RLT007 - Istwert Lüftungsklappe WRG 1 | F57: In3 | G57: RLT007_WRG_KLP_MW | M57: 2,00 V | N57: 0,00 V | O57: 0 | P57: 1 | S57: 0 | W57: TRUE | X57: 0 | Y57: -4.0315 | AG57: RBA01.E03.A.319.F=ASP0303s.RLT007.LKL004 | AI57: Keine
B58: Spannungseingang | C58: RLT007.LKL003_MW | D58: RLT007 - Istwert Lüftungsklappe WRG 2 | F58: In4 | G58: RLT007_BYP_KLP_MW | M58: 2,00 V | N58: 10,00 V | O58: 0 | P58: 1 | S58: 0 | W58: TRUE | X58: 0 | Y58: -0.2494 | AG58: RBA01.E03.A.319.F=ASP0303s.RLT007.LKL003 | AI58: Keine
B59: Spannungseingang | C59: RLT007.LKL102_MW | D59: RLT007 - Istwert Umluftklappe | F59: In5 | G59: RLT007_UML_KLP_MW | M59: 2,00 V | N59: 10,00 V | O59: 0 | P59: 1 | S59: 0 | W59: TRUE | X59: 0 | Y59: 0.0034 | AG59: RLT007_UML_KLP_MW | AH59: geprüft Michael/Kai 29.07.24 | AI59: Keine
B60: Spannungseingang | C60: RLT007.VEN001_MW | D60: RLT007 - Istwert Ventil Lufterhitzer | F60: In6 | G60: RLT007_HZG_VEN_MW | M60: 2,00 V | N60: 10,00 V | O60: 0 | P60: 1 | S60: 0 | W60: TRUE | X60: 0 | Y60: 0.1527 | AG60: RBA01.E03.A.319.F=ASP0303s.RLT007.VEN001 | AH60: geprüft Michael/Kai 29.07.24 | AI60: Keine
B61: Spannungseingang | C61: RLT007.VEN002_MW | D61: RLT007 - Istwert Ventil Luftkühler | F61: In7 | G61: RLT007_VEN_KLT_MW | M61: 2,00 V | N61: 10,00 V | O61: 0 | P61: 1 | S61: 0 | W61: TRUE | X61: 0 | Y61: 0.7072 | AG61: RBA01.E03.A.319.F=ASP0303s.RLT007.VEN002 | AH61: geprüft Michael/Kai 29.07.24 | AI61: Keine
B62: Spannungseingang | C62: RLT007.VEN101_MW | D62: RLT007 - Istwert Ventil WRG KVS | F62: In8 | G62: RLT007_VEN_KLT_MW_2 | M62: 2,00 V | N62: 10,00 V | O62: 0 | P62: 1 | S62: 0 | W62: TRUE | X62: 0 | Y62: 0.0899 | AG62: RBA01.E03.A.319.F=ASP0303s.RLT007.VEN101 | AH62: geprüft Michael/Kai 29.07.24 | AI62: Keine
B63: Spannungsausgang | C63: RLT015.VEN002_YB | D63: RLT015 - Stellsignal Ventil Luftkühler | F63: Out1 | G63: RLT015_KLT_VEN_YB | M63: 2,00 V | N63: 10,00 V | O63: 0 | P63: 1 | X63: 0 | Y63: 0.0017 | Z63: 0 | AA63: 0 | AG63: RBA01.E03.A.319.F=ASP0303s.RLT015.VEN002 | AI63: Keine
B64: Leerer Ausgang | C64: M8 253K7_Leer Output_2? | F64: Out2 | Y64: 0,00 V | Z64: 0,00 V
B65: Leerer Ausgang | C65: M8 253K7_Leer Output_3? | F65: Out3 | Y65: 0,00 V | Z65: 0,00 V
B66: Leerer Ausgang | C66: M8 253K7_Leer Output_4? | F66: Out4 | Y66: 0,00 V | Z66: 0,00 V
B67: DI-16 | C67: M9 253K8 | D67: M9 253K8 - DI-16 | E67: 9 | AI67: Keine
B68: Digitaleingang | C68: ASP0303s.Überspannungsschutz_SM | D68: ASP0303s - Störung Überspannungsschutz | F68: In1 | G68: ASP0303s_Überspannungsschutz_SM | H68: TRUE | I68: Rot | J68: TRUE | Y68: Ein | AG68: ASP0303s_Überspannungsschutz_SM | AI68: Keine
B69: Digitaleingang | C69: ASP0303s.24VDC_SM | D69: ASP0303s - Störung 24VDC | F69: In2 | G69: ASP0303s_24VDC_SM | H69: TRUE | I69: Rot | J69: TRUE | Y69: Ein | AG69: ASP0303s_24VDC_SM | AI69: Keine
B70: Digitaleingang | C70: ASP0303s.Phasenüberwachung_SM | D70: ASP0303s - Störung Phasenüberwachung | F70: In3 | G70: ASP0303s_Phasenüberwachung_SM | H70: TRUE | I70: Rot | J70: TRUE | Y70: Ein | AG70: ASP0303s_Phasenüberwachung_SM | AI70: Keine
B71: Digitaleingang | C71: ASP0303s.Entsperren_BM | D71: ASP0303s - Rückmeldung Entsperren | F71: In4 | G71: ASP0303s_Entsperren_BM | H71: FALSE | I71: Grün | J71: FALSE | Y71: Aus | AG71: ASP0303s_Entsperren_BM | AI71: Keine
B72: Digitaleingang | C72: ASP0303s.LECKAGE_SM | D72: ASP0303s - Störung Leckage | F72: In5 | G72: ASP0303s_LECKAGE_SM | H72: TRUE | I72: Rot | J72: TRUE | Y72: Ein | AG72: ASP0303s_LECKAGE_SM | AI72: Keine
B73: Digitaleingang | C73: RLT007.ZUV001_BM | D73: RLT007 - Betrieb Zuluftventilator FU | F73: In6 | G73: RLT007_ZUL_FAN_BM | H73: FALSE | I73: Grün | J73: FALSE | Y73: Ein | AG73: RLT007_ZUL_FAN_BM | AH73: geprüft Michael/Kai 29.07.24 | AI73: Keine
B74: Digitaleingang | C74: RLT007.ZUV001_SM | D74: RLT007 - Störung Zuluftventilator | F74: In7 | G74: RLT007_ZUL_FAN_SM | H74: TRUE | I74: Rot | J74: TRUE | Y74: Aus | AG74: RBA01.E03.A.319.F=ASP0303s.RLT007.ZUV001 | AH74: geprüft Michael/Kai 29.07.24 | AI74: Keine
B75: Digitaleingang | C75: RLT007.ABV101_BM | D75: RLT007 - Betrieb Abluftventilator FU | F75: In8 | G75: RLT007_ABL_FAN_BM | H75: FALSE | I75: Grün | J75: FALSE | Y75: Aus | AG75: RBA01.E03.A.319.F=ASP0303s.RLT007.ABV101 | AH75: geprüft Michael/Kai 29.07.24 | AI75: Keine
B76: Digitaleingang | C76: RLT007.ABV101_SM | D76: RLT007 - Störung Abluftventilator | F76: In9 | G76: RLT007_ABL_FAN_SM | H76: TRUE | I76: Rot | J76: TRUE | Y76: Aus | AG76: RBA01.E03.A.319.F=ASP0303s.RLT007.ABV101 | AH76: geprüft Michael/Kai 29.07.24 | AI76: Keine
B77: Digitaleingang | C77: RLT007.PPE001_BM | D77: RLT007 - Betrieb Pumpe WRG KSV | F77: In10 | G77: RLT007_PUM_BM | H77: FALSE | I77: Grün | J77: FALSE | Y77: Aus | AG77: RBA01.E03.A.319.F=ASP0303s.RLT007.KVS001 | AI77: Keine
B78: Digitaleingang | C78: RLT007.PPE001_SM | D78: RLT007 - Störung Pumpe WRG KSV | F78: In11 | G78: RLT007_PUM_SM | H78: TRUE | I78: Rot | J78: TRUE | Y78: Ein | AG78: RBA01.E03.A.319.F=ASP0303s.RLT007.KVS001 | AI78: Keine
B79: Digitaleingang | C79: RLT007.LKL001_RMZ | D79: RLT007 - Lüftungsklappe Aussenluft ZU | F79: In12 | G79: RLT007_AUL_KLP_ZU_BM | H79: FALSE | I79: Grün | J79: FALSE | Y79: Aus | AG79: RBA01.E03.A.319.F=ASP0303s.RLT007.LKL001 | AI79: Keine
B80: Digitaleingang | C80: RLT007.LKL001_RMA | D80: RLT007 - Lüftungsklappe Aussenluft AUF | F80: In13 | G80: RLT007_AUL_KLP_AUF_BM | H80: FALSE | I80: Grün | J80: FALSE | Y80: Aus | AG80: RBA01.E03.A.319.F=ASP0303s.RLT007.LKL001 | AI80: Keine
B81: Digitaleingang | C81: RLT007.LKL101_RMZ | D81: RLT007 - Lüftungsklappe Fortluft ZU | F81: In14 | G81: RLT007_FOL_KLP_ZU_BM | H81: FALSE | I81: Grün | J81: FALSE | Y81: Aus | AG81: RBA01.E03.A.319.F=ASP0303s.RLT007.LKL101 | AI81: Keine
B82: Digitaleingang | C82: RLT007.LKL101_RMA | D82: RLT007 - Lüftungsklappe Fortluft AUF | F82: In15 | G82: RLT007_FOL_KLP_AUF_BM | H82: FALSE | I82: Grün | J82: FALSE | Y82: Aus | AG82: RBA01.E03.A.319.F=ASP0303s.RLT007.LKL101 | AI82: Keine
B83: Digitaleingang | C83: RLT007.REP001_WM | D83: RLT007 - RepSchalter Zuluft Ventilator | F83: In16 | G83: RLT007_ZUL_REP_WM | H83: TRUE | I83: Rot | J83: TRUE | Y83: Aus | AG83: RBA01.E03.A.319.F=ASP0303s.RLT007.REP001 | AH83: geprüft Michael/Kai 29.07.24 | AI83: Keine
B84: DI-16 | C84: M10 253K9 | D84: M10 253K9 - DI-16 | E84: 10 | AI84: Keine
B85: Digitaleingang | C85: RLT007.REP101_WM | D85: RLT007 - RepSchalter Abluft Ventilator | F85: In1 | G85: RLT007_ABL_REP_WM | H85: TRUE | I85: Rot | J85: TRUE | Y85: Aus | AG85: RBA01.E03.A.319.F=ASP0303s.RLT007.REP101 | AH85: geprüft Michael/Kai 29.07.24 | AI85: Keine
B86: Digitaleingang | C86: RLT007.DRW001_WM | D86: RLT007 - Filterwächter Aussenluft | F86: In2 | G86: RLT007_FIL_AUL_DIFF_DRUCK_WM | H86: TRUE | I86: Rot | J86: TRUE | Y86: Aus | AG86: RBA01.E03.A.319.F=ASP0303s.RLT007.DRW001 | AH86: geprüft Michael/Kai 29.07.24 | AI86: Keine
B87: Digitaleingang | C87: RLT007.DRW003_WM | D87: RLT007 - Filterwächter Zuluft | F87: In3 | G87: RLT007_FIL_ZUL_DIFF_DRUCK_WM | H87: TRUE | I87: Rot | J87: TRUE | Y87: Aus | AG87: RBA01.E03.A.319.F=ASP0303s.RLT007.DRW003 | AH87: geprüft Michael/Kai 29.07.24 | AI87: Keine
B88: Digitaleingang | C88: RLT007.DRW101_WM | D88: RLT007 - Filterwächter Abluft | F88: In4 | G88: RLT007_FIL_ABL_DIFF_DRUCK_WM | H88: TRUE | I88: Rot | J88: TRUE | Y88: Aus | AG88: RBA01.E03.A.319.F=ASP0303s.RLT007.DRW101 | AH88: geprüft Michael/Kai 29.07.24 | AI88: Keine
B89: Digitaleingang | C89: RLT007.DRW002_BM | D89: RLT007 - Luftstromüberwachung Zuluft | F89: In5 | G89: RLT007_ZUL_FAN_LÜW_BM | H89: FALSE | I89: Grün | J89: FALSE | Y89: Ein | AG89: RBA01.E03.A.319.F=ASP0303s.RLT007.DRW002001 | AH89: geprüft Michael/Kai 29.07.24 | AI89: Keine
B90: Digitaleingang | C90: RLT007.DRW102_BM | D90: RLT007 - Luftstromüberwachung Abluft | F90: In6 | G90: RLT007_ZUL_FAN_LÜW_BM | H90: FALSE | I90: Grün | J90: FALSE | Y90: Ein | AG90: RBA01.E03.A.319.F=ASP0303s.RLT007.DRW102 | AH90: geprüft Michael/Kai 29.07.24 | AI90: Keine
B91: Digitaleingang | C91: RLT007.DRW103_WM | D91: RLT007 - WRG Vereisungsschutz | F91: In7 | G91: RLT007_WRG_DIFF_DRUCK_SM | H91: TRUE | I91: Rot | J91: TRUE | Y91: Aus | AG91: RBA01.E03.A.319.F=ASP0303s.RLT007.DRW103 | AH91: geprüft Michael/Kai 29.07.24 | AI91: Keine
B92: Digitaleingang | C92: RLT007.FSW001_SM | D92: RLT007 - Frostschutzwächter Zuluft | F92: In8 | G92: RLT007_FROST_SM | H92: TRUE | I92: Rot | J92: TRUE | Y92: Aus | AG92: RBA01.E03.A.319.F=ASP0303s.RLT007.FSW001 | AH92: geprüft Michael/Kai 29.07.24 | AI92: Keine
B93: Digitaleingang | C93: RLT007.RME001_SM | D93: RLT007 - Störung Rauchmelder Zuluft | F93: In9 | G93: RLT007_RM_ZUL_ALARM_SM | H93: TRUE | I93: Rot | J93: TRUE | Y93: Aus | AG93: RBA01.E03.A.319.F=ASP0303s.RLT007.RME001 | AI93: Keine
B94: Digitaleingang | C94: RLT007.RME001_WM | D94: RLT007 - Wartung Rauchmelder Zuluft | F94: In10 | G94: RLT007_RM_ZUL_SCHMUTZ_WM | H94: TRUE | I94: Rot | J94: TRUE | Y94: Ein | AG94: RBA01.E03.A.319.F=ASP0303s.RLT007.RME001 | AI94: Keine
B95: Digitaleingang | C95: RLT007.RME101_SM | D95: RLT007 - Störung Rauchmelder Abluft | F95: In11 | G95: RLT007_RM_ABL_ALARM_SM | H95: TRUE | I95: Rot | J95: TRUE | Y95: Aus | AG95: RLT007_RM_ABL_ALARM_SM | AI95: Keine
B96: Digitaleingang | C96: RLT007.RME101_WM | D96: RLT007 - Wartung Rauchmelder Abluft | F96: In12 | G96: RLT007_RM_ABL_SCHMUTZ_WM | H96: TRUE | I96: Rot | J96: TRUE | Y96: Ein | AG96: RLT007_RM_ABL_SCHMUTZ_WM | AI96: Keine
B97: Digitaleingang | C97: RLT015.ZUV001_BM | D97: RLT015 - Betrieb Zuluftventilator FU | F97: In13 | G97: RLT015_ZUL_FAN_BM | H97: FALSE | I97: Grün | J97: FALSE | Y97: Aus | AG97: RBA01.E03.A.319.F=ASP0303s.RLT015.ZUV001 | AI97: Keine
B98: Digitaleingang | C98: RLT015.ZUV001_SM | D98: RLT015 - Störung Zuluftventilator | F98: In14 | G98: RLT015_ZUL_FAN_SM | H98: TRUE | I98: Rot | J98: TRUE | Y98: Ein | AG98: RBA01.E03.A.319.F=ASP0303s.RLT015.ZUV001 | AI98: Keine
B99: Digitaleingang | C99: RLT015.ABV101_BM | D99: RLT015 - Betrieb Abluftventilator FU | F99: In15 | G99: RLT015_ABL_FAN_BM | H99: FALSE | I99: Grün | J99: FALSE | Y99: Aus | AG99: RBA01.E03.A.319.F=ASP0303s.RLT015.ABV101 | AI99: Keine
B100: Digitaleingang | C100: RLT015.ABV101_SM | D100: RLT015 - Störung Abluftventilator | F100: In16 | G100: RLT015_ABL_FAN_SM | H100: TRUE | I100: Rot | J100: TRUE | Y100: Ein | AG100: RBA01.E03.A.319.F=ASP0303s.RLT015.ABV101 | AI100: Keine
...
